покров	97940
вода	48654
корка	17096
поле	13908
кристалл	12699
ветер	11472
гора	11091
глыба	7430
пустыня	7333
кора	6668
частица	5655
остров	5609
тон	5266
панцирь	5131
массив	4993
холод	4964
сосулька	4826
поверхность	4625
жила	4446
щит	3957
ядро	3896
барьер	3574
голос	3427
рука	3352
поток	3333
дорога	3170
масса	3097
клин	2976
простор	2920
образование	2886
баня	2858
стена	2687
включение	2644
взгляд	2643
дыхание	2627
торос	2622
дорожка	2552
дождь	2486
игла	2485
струя	2430
керн	2298
горка	2168
купол	2166
пещера	2125
склад	2081
глаз	2049
шапка	2039
дом	2002
берег	1961
спокойствие	1945
корочка	1897
затор	1884
вершина	1834
тело	1817
континент	1728
поход	1724
воздух	1719
броня	1609
река	1544
узор	1519
волна	1446
толща	1414
вал	1400
кристаллик	1366
слой	1358
палец	1339
душа	1339
крошево	1330
оболочка	1317
шлир	1308
крупа	1305
припай	1293
пространство	1292
равнина	1286
прослойка	1265
оковы	1234
каша	1233
молчание	1216
обрыв	1169
сердце	1162
бугор	1155
дворец	1145
облако	1139
линза	1137
пробка	1136
мост	1106
брызги	1100
материк	1048
зародыш	1035
ванна	1008
громада	977
осколок	955
нарост	930
язык	911
мгла	886
склон	883
туман	872
переправа	858
столб	854
купель	831
пленка	824
зона	815
перемычка	805
пласт	788
кромка	783
объятие	747
равнодушие	737
стекло	736
стужа	725
площадка	725
окно	688
сквозняк	659
наст	656
земля	636
плотина	636
рябь	632
холодность	612
безмолвие	586
горе	586
небо	582
струйка	576
иголка	567
плита	561
могила	560
блеск	558
материал	558
калориметр	555
вежливость	550
зерно	547
пластинка	538
крошка	537
огонь	529
пыль	523
ужас	517
шуга	515
скала	513
капля	512
камень	495
озеро	493
холм	489
пот	488
гладь	479
душ	478
каток	476
стенка	471
сало	465
обломок	462
шарик	459
сырость	429
море	425
пластина	422
океан	407
ночь	407
цветок	406
тьма	404
компресс	404
озноб	403
ручей	400
звезда	396
хребет	395
преграда	392
прослой	391
царство	386
сооружение	384
холодок	377
асон	374
аэродром	373
кольцо	371
презрение	370
роса	367
нагромождение	366
охлаждение	364
ветерок	362
короста	356
тиски	355
статуя	355
домик	351
модель	349
сталактит	349
свод	346
дрожь	346
иголочка	344
мешок	338
мрак	334
высота	333
грот	326
якорь	325
край	325
погреб	317
пояс	316
покрытие	312
сфера	311
трасса	305
слеза	304
пиво	304
губа	301
кубик	298
антарктида	297
вихорь	297
крыша	294
тишина	292
пустота	288
влага	285
нога	284
маска	282
полоса	279
лицо	278
крепость	277
гряда	275
обруч	273
выступ	269
хранилище	265
скат	265
страна	264
раствор	261
порода	260
ключ	258
мурашки	255
комок	254
вино	252
бездна	248
карцер	244
коридор	244
комната	244
улыбка	242
жилка	238
толстый=A=срав	237
зеркало	236
лужа	234
причал	233
выражение	233
взор	230
грязь	230
основание	230
уксус	228
пучина	228
шельф	226
цемент	226
прием	226
уступ	223
квас	222
лавина	221
круг	219
отложение	219
атмосфера	215
лишать=V,пе=ед,пов,2-л,несов	215
стихия	212
водка	212
ливень	211
глубина	211
город	210
дно	210
хаос	208
лоб	207
шторм	206
блок	199
окоп	197
слово	195
фигура	193
смерть	193
желоб	187
месиво	185
квартира	185
слон	185
солнце	185
замок	184
ловушка	183
степь	181
плен	180
цилиндр	180
ком	178
пика	177
одиночество	175
скопление	175
монолит	172
гребень	172
напиток	170
зима	169
лимонад	167
пылинка	166
металл	165
рыба	165
потолок	164
трещина	163
хладнокровие	163
сон	161
конгломерат	161
жидкий=A=срав	159
период	158
залежь	158
закраина	158
шар	157
частичка	156
безразличие	154
прикосновение	153
комочек	152
молоко	151
тропа	150
колодец	149
ладонь	148
крупинка	146
речка	145
русло	144
платформа	143
борода	141
стебелек	141
глазурь	140
избушка	139
скульптура	137
тюрьма	137
жижа	135
пушка	133
родник	129
тропинка	129
ненависть	126
порыв	126
венец	125
оцепенение	124
глава	123
алмаз	123
поцелуй	122
бахрома	122
капли	121
чаша	119
залежи	119
конус	117
налет	117
свет	116
синева	115
обвал	114
бассейн	114
испарина	114
рельеф	112
айсберг	112
кусок	111
луч	109
великан	108
норд	108
полотно	108
островок	107
утес	107
закраек	107
дрова	107
лапа	106
дуновение	105
север	105
ворота	105
спуск	105
арена	104
тундра	104
настил	103
престол	101
железо	101
кольчуга	97
кипяток	97
латы	96
страсть	96
кровь	95
коготь	94
крест	94
луна	94
дробь	93
прибой	92
одеяло	92
сквознячок	92
эфир	91
бритва	91
почва	88
кочка	88
булава	88
казбек	85
месяц	85
прорубь	85
окрошка	84
сияние	84
ступень	83
роза	83
снег	83
смесь	82
тоска	81
призма	81
усмешка	81
канал	80
прозрачность	80
кружева	79
перевал	79
дорогой=A=вин,ед,полн,муж,неод	79
сибирь	77
аллея	77
колонна	75
вид	75
полынь	74
скорлупа	74
пар	74
откос	74
день	74
прожилка	73
заберег	73
покрывало	72
неподвижность	72
дамба	72
мантия	72
сталагмит	71
плато	71
горошина	71
болото	71
заря	69
путь	69
ирония	68
цепь	68
рассол	68
зуб	67
кухня	67
град	67
решетка	66
водица	66
круча	66
дерево	65
россия	65
прослоек	65
ясность	64
валун	63
зубец	63
яма	63
птица	63
колпак	63
чувство	62
метеорит	62
искра	62
наплыв	62
оконце	62
ураган	62
сок	61
темнота	61
каскад	61
расчет	61
ответ	61
кружево	61
серебро	60
изваяние	60
площадь	60
хрусталь	60
кружка	60
буря	59
клещи	59
песок	59
ярость	59
горки	59
учтивость	58
водопад	58
крупка	58
арктика	58
лагерь	57
свеча	56
фаза	56
карниз	56
он=SPRO,ед,3-л,муж=им	55
ладоши	55
пурга	55
широта	55
среда	55
башня	54
покой	53
ук	53
восторг	53
ступня	53
наслоение	52
полюс	52
грудь	52
бетон	52
глоток	52
отблеск	51
крыло	51
одежда	51
ущелие	51
паркет	51
ожог	51
образец	51
обида	51
твердость	51
жилье	51
водичка	50
бревно	50
крутой=A=срав	50
вихор	50
стрела	50
мыс	50
долина	49
городок	49
саван	49
паутина	48
доспехи	48
сумерки	48
цвет	47
кока	47
вечер	47
свечка	47
пальчик	47
кирпич	47
укрепление	47
развод	47
форма	46
окошко	46
ток	46
глазок	46
посох	46
невозмутимость	46
подвал	46
пик	45
полынья	45
любезность	45
изморозь	45
тяжесть	45
империя	45
горб	44
ад	44
стол	44
дыра	44
нутро	44
поднебесье	44
крутизна	44
слюда	44
нож	43
ножичек	43
конь	43
омут	43
блестка	43
вьюга	43
январь	43
плащ	43
камера	42
кашица	42
чашка	42
сумрак	42
пузырь	42
грань	42
чертог	42
печка	41
дуло	41
подъем	41
ломтик	40
звон	40
лучик	40
надолба	40
сугроб	40
судорога	40
бесстрастие	40
свежесть	40
столбик	40
мысль	40
