покров	97940
вода	80109
поле	36639
корка	22565
гора	15209
ветер	14249
кристалл	12699
пустыня	8140
глыба	7996
остров	6802
кора	6668
частица	5903
холод	5701
поверхность	5594
тон	5319
жила	5179
панцирь	5131
массив	4993
дорога	4929
сосулька	4899
ядро	4670
стена	4485
поток	4054
щит	3957
баня	3782
масса	3751
барьер	3574
голос	3470
рука	3447
горка	3151
купол	2988
клин	2976
образование	2951
простор	2920
дыхание	2916
дорожка	2798
дом	2715
включение	2644
взгляд	2643
пещера	2637
торос	2622
струя	2550
тело	2515
дождь	2486
игла	2485
шапка	2455
берег	2394
керн	2298
глаз	2216
спокойствие	2193
слой	2144
корочка	2123
склад	2081
вал	2080
вершина	1960
крупа	1934
оболочка	1918
затор	1884
река	1832
континент	1728
толща	1727
поход	1724
душ	1722
воздух	1719
крошево	1642
море	1630
броня	1609
узор	1519
волна	1508
каша	1508
бугор	1493
палец	1466
равнина	1461
пространство	1457
зона	1436
сердце	1414
молчание	1392
кристаллик	1366
купель	1312
шлир	1308
припай	1293
линза	1277
пробка	1274
ванна	1266
облако	1221
пыль	1205
плен	1183
обрыв	1169
оковы	1167
кромка	1152
дворец	1145
мост	1106
брызги	1100
прослойка	1094
пленка	1069
материк	1048
зародыш	1035
переправа	1034
безмолвие	1032
скала	999
плато	984
громада	977
туман	973
осколок	955
ночь	940
нарост	930
стужа	927
перемычка	917
гладь	914
язык	911
равнодушие	900
мгла	886
склон	883
плотина	870
столб	854
площадка	846
пласт	840
плита	801
пластина	792
стекло	788
земля	786
холодность	761
пол	757
капля	753
объятие	747
сало	735
крошка	731
могила	691
окно	688
фаза	681
небо	663
сквозняк	659
наст	656
озеро	640
пояс	635
царство	634
рябь	632
пластинка	617
холм	613
прорубь	601
вежливость	594
покрытие	593
стенка	591
каток	586
струйка	576
шарик	570
иголка	567
материал	558
блеск	558
питание	556
калориметр	555
зерно	547
огонь	529
ужас	517
шуга	515
пиво	513
сырость	511
крепость	509
рыба	508
трасса	507
прослой	507
свет	504
камень	495
пот	488
прослоек	472
спутник	469
роса	466
обломок	462
порода	461
панцырь	459
кольцо	456
сфера	451
сталактит	449
край	444
презрение	443
преграда	443
хребет	443
тиски	437
охлаждение	435
дрожь	430
водка	425
зима	425
страна	412
океан	407
цветок	406
ком	406
компресс	404
тьма	404
озноб	403
тишина	402
ручей	400
погреб	398
звезда	396
лицо	394
блок	390
сооружение	384
ад	379
холодок	377
асон	374
аэродром	373
постель	373
нагромождение	366
ветерок	362
короста	356
статуя	355
основание	351
домик	351
заберег	351
модель	349
свод	346
иголочка	344
стебелек	342
ладонь	342
полоса	341
влага	341
мешок	338
пустота	337
вино	336
мрак	334
высота	333
снзсоон	332
грот	326
якорь	325
зеркало	319
шампанское	316
шар	307
слеза	304
губа	301
кубик	298
антарктида	297
вихорь	297
грязь	296
жижа	294
крыша	294
улыбка	288
комната	288
нога	284
маска	282
мир	281
цилиндр	281
гряда	275
обруч	273
чаша	272
степь	269
выступ	269
хранилище	265
скат	265
одиночество	265
почва	264
лавина	261
раствор	261
ключ	258
ловушка	258
месиво	257
комок	254
бездна	248
карцер	244
коридор	244
жилка	238
лужа	234
причал	233
выражение	233
взор	230
уксус	228
пучина	228
они	228
шельф	226
цемент	226
прием	226
молоко	225
уступ	223
квас	222
отложение	219
прикосновение	219
круг	219
атмосфера	215
стихия	212
ливень	211
глубина	211
дно	210
город	210
ложе	209
синева	209
пропасть	209
хаос	208
лоб	207
шторм	206
безразличие	206
мурашки	205
покой	204
тюрьма	202
пламень	198
окоп	197
слово	195
смерть	193
фигура	193
желоб	187
квартира	185
солнце	185
слон	185
замок	184
бахрома	179
налет	177
пика	177
скопление	175
смесь	175
гребень	172
монолит	172
оцепенение	171
залежи	171
твердь	170
напиток	170
лимонад	167
пылинка	166
металл	165
поцелуй	164
потолок	164
хладнокровие	163
трещина	163
конгломерат	161
сон	161
закраина	158
период	158
путь	158
залежь	158
частичка	156
образец	156
комочек	152
ступень	151
арена	151
душа	151
он	150
тропа	150
колодец	149
тундра	149
крупинка	146
речка	145
русло	144
платформа	143
болото	143
цепь	143
борода	141
яма	141
глазурь	140
сибирь	140
избушка	139
бунт	138
скульптура	137
водица	135
прожилка	134
пушка	133
тропинка	129
родник	129
ненависть	126
порыв	126
кружка	126
венец	125
алмаз	123
глава	123
часть	121
буря	119
грудь	118
конус	117
день	116
свежесть	115
страх	114
бассейн	114
испарина	114
обвал	114
град	112
айсберг	112
рельеф	112
кусок	111
луч	109
полотно	108
великан	108
норд	108
островок	107
дрова	107
закраек	107
утес	107
лапа	106
ворота	105
север	105
дуновение	105
спуск	105
настил	103
балка	103
пик	101
крашение	101
железо	101
престол	101
кипяток	97
кольчуга	97
латы	96
страсть	96
кровь	95
крест	94
коготь	94
луна	94
дробь	93
прибой	92
сквознячок	92
одеяло	92
эфир	91
бритва	91
мороз	90
булава	88
кочка	88
кислота	88
месяц	85
казбек	85
окрошка	84
сияние	84
роза	83
снег	83
тоска	81
усмешка	81
призма	81
эпоха	80
прозрачность	80
канал	80
кружева	79
зал	79
перевал	79
нагрузка	78
аллея	77
колонна	75
вид	75
пар	74
откос	74
скорлупа	74
кровать	74
натек	73
покрывало	72
мантия	72
неподвижность	72
дамба	72
рев	71
сталагмит	71
горошина	71
диск	70
заря	69
ирония	68
рассол	68
окова	67
кухня	67
купание	67
зуб	67
решетка	66
круча	66
россия	65
дерево	65
ясность	64
побережье	64
человек	64
колпак	63
валун	63
зубец	63
область	63
птица	63
метеорит	62
ураган	62
наплыв	62
оконце	62
чувство	62
ось	62
искра	62
кружево	61
ответ	61
сок	61
расчет	61
каскад	61
темнота	61
площадь	60
серебро	60
изваяние	60
хрусталь	60
горки	59
песок	59
клещи	59
ярость	59
учтивость	58
крупка	58
водопад	58
арктика	58
нева	57
лагерь	57
карниз	56
свеча	56
глубь	55
среда	55
ладоши	55
широта	55
пурга	55
высь	55
башня	54
острог	54
сосуля	54
восторг	53
ук	53
ступня	53
бетон	52
полюс	52
наслоение	52
глоток	52
изба	51
паркет	51
жилье	51
одежда	51
твердость	51
крыло	51
обида	51
отблеск	51
ожог	51
ущелие	51
мыс	50
водичка	50
мурашка	50
стрела	50
вихор	50
бревно	50
долина	49
саван	49
кор	49
городок	49
сумерки	48
паутина	48
доспехи	48
муть	47
цвет	47
вечер	47
развод	47
кока	47
пальчик	47
кирпич	47
укрепление	47
свечка	47
форма	46
посох	46
подвал	46
ток	46
невозмутимость	46
окошко	46
глазок	46
температура	46
тяжесть	45
империя	45
полынья	45
любезность	45
изморозь	45
горб	44
крутизна	44
дыра	44
слюда	44
нутро	44
даль	44
поднебесье	44
стол	44
конь	43
плащ	43
жидкость	43
омут	43
вьюга	43
нож	43
блестка	43
январь	43
ножичек	43
пузырь	42
чертог	42
чашка	42
сумрак	42
вод	42
камера	42
кашица	42
грань	42
подъем	41
дуло	41
печка	41
домишко	41
графин	41
судорога	40
надолба	40
сугроб	40
звон	40
столбик	40
бесстрастие	40
лучик	40
мысль	40
ломтик	40
